"Gene","Non-unique Gene name","Annotation","Number_pos_present_in","Number_neg_present_in","Number_pos_not_present_in","Number_neg_not_present_in","Sensitivity","Specificity","Odds_ratio","Naive_p","Bonferroni_p","Benjamini_H_p","Max_Pairwise_comparisons","Max_supporting_pairs","Max_opposing_pairs","Best_pairwise_comp_p","Worst_pairwise_comp_p"
"group_2048","","hypothetical protein","4","25","79","78","4.819277108433735","75.72815533980582","0.1579746835443038","0.000205120834034952","1.0","0.290094170162245","15","4","13","0.007385253906249998","0.11846923828124997"
"srfAD","","hypothetical protein","78","78","5","25","93.97590361445783","24.271844660194176","5.0","0.0006296645319946851","1.0","0.290094170162245","11","9","4","0.06542968749999997","0.548828125"
"group_2254","","hypothetical protein","80","82","3","21","96.3855421686747","20.388349514563107","6.829268292682927","0.0006921712873798555","1.0","0.290094170162245","7","6","2","0.125","0.4531249999999996"
"group_2258","","hypothetical protein","80","82","3","21","96.3855421686747","20.388349514563107","6.829268292682927","0.0006921712873798555","1.0","0.290094170162245","6","5","2","0.21875000000000003","0.6875000000000002"
"group_2255","","hypothetical protein","81","85","2","18","97.59036144578313","17.475728155339805","8.576470588235294","0.0007098957863106903","1.0","0.290094170162245","3","3","1","0.25","1.0"
"group_1873","ehpR","hypothetical protein","59","48","24","55","71.08433734939759","53.398058252427184","2.8168402777777777","0.0009960678196625182","1.0","0.290094170162245","6","6","3","0.03125","1.0"
"group_1368","","hypothetical protein","81","86","2","17","97.59036144578313","16.50485436893204","8.005813953488373","0.00129296761322309","1.0","0.290094170162245","2","2","1","0.5","1.0"
"group_1987","","hypothetical protein","6","26","77","77","7.228915662650602","74.75728155339806","0.23076923076923078","0.0014850689775405654","1.0","0.290094170162245","15","4","12","0.035156250000000014","0.11846923828124997"
"group_154","","hypothetical protein","58","48","25","55","69.87951807228916","53.398058252427184","2.658333333333333","0.0017416193411306329","1.0","0.290094170162245","7","6","3","0.125","0.9999999999999998"
"group_2523","","hypothetical protein","1","14","82","89","1.2048192771084338","86.40776699029125","0.07752613240418119","0.0019434733998702363","1.0","0.290094170162245","3","1","3","0.25","1.0"
"group_1370","","hypothetical protein","80","84","3","19","96.3855421686747","18.446601941747574","6.031746031746032","0.0023164684152170937","1.0","0.290094170162245","5","4","2","0.375","1.0"
"group_2160","","hypothetical protein","83","93","0","10","100.0","9.70873786407767","inf","0.0024372955521329183","1.0","0.290094170162245","3","3","0","0.25","0.25"
"group_2343","","hypothetical protein","83","93","0","10","100.0","9.70873786407767","inf","0.0024372955521329183","1.0","0.290094170162245","3","3","0","0.25","0.25"
"group_465","","putative protein","83","93","0","10","100.0","9.70873786407767","inf","0.0024372955521329183","1.0","0.290094170162245","4","4","0","0.125","0.125"
"group_1351","","hypothetical protein","68","99","15","4","81.92771084337349","3.8834951456310676","0.18316498316498317","0.002576040813605857","1.0","0.290094170162245","4","2","4","0.125","1.0"
"group_3307","","hypothetical protein","15","4","68","99","18.072289156626507","96.11650485436894","5.459558823529412","0.002576040813605857","1.0","0.290094170162245","4","4","2","0.125","1.0"
"group_458","","hypothetical protein","23","51","60","52","27.710843373493976","50.48543689320388","0.3908496732026144","0.002709548695753642","1.0","0.290094170162245","6","2","5","0.21875000000000003","0.6875000000000002"
"group_1183","","hypothetical protein","25","54","58","49","30.120481927710845","47.57281553398058","0.39112388250319285","0.002797925980143101","1.0","0.290094170162245","7","3","7","0.015625","0.9999999999999998"
"group_3215","","hypothetical protein","9","30","74","73","10.843373493975903","70.87378640776699","0.2959459459459459","0.003386171801760156","1.0","0.290094170162245","18","6","16","0.0013122558593750002","0.23788452148437486"
"group_1943","","hypothetical protein","82","90","1","13","98.79518072289156","12.62135922330097","11.844444444444445","0.0036963817538604327","1.0","0.290094170162245","2","2","1","0.5","1.0"
"group_2118","","hypothetical protein","1","13","82","90","1.2048192771084338","87.37864077669903","0.08442776735459662","0.0036963817538604327","1.0","0.290094170162245","2","1","2","0.5","1.0"
"group_2743","","hypothetical protein","1","13","82","90","1.2048192771084338","87.37864077669903","0.08442776735459662","0.0036963817538604327","1.0","0.290094170162245","2","1","2","0.5","1.0"
"group_8866","","hypothetical protein","1","13","82","90","1.2048192771084338","87.37864077669903","0.08442776735459662","0.0036963817538604327","1.0","0.290094170162245","2","1","2","0.5","1.0"
"group_2461","","putative protein","26","14","57","89","31.32530120481928","86.40776699029125","2.899749373433584","0.004101168404979543","1.0","0.290094170162245","9","7","4","0.17968750000000003","1.0"
"group_1771","","hypothetical protein","80","85","3","18","96.3855421686747","17.475728155339805","5.647058823529412","0.0041719928593345924","1.0","0.290094170162245","4","3","2","0.625","1.0"
"group_3054","","hypothetical protein","81","88","2","15","97.59036144578313","14.563106796116504","6.903409090909091","0.004206952282212908","1.0","0.290094170162245","3","2","1","1.0","1.0"
"group_31","","hypothetical protein","81","88","2","15","97.59036144578313","14.563106796116504","6.903409090909091","0.004206952282212908","1.0","0.290094170162245","3","2","1","1.0","1.0"
"group_1959","","hypothetical protein","24","52","59","51","28.915662650602407","49.51456310679612","0.39895697522816165","0.004223841651982033","1.0","0.290094170162245","5","2","5","0.0625","1.0"
"melA","","hypothetical protein","24","52","59","51","28.915662650602407","49.51456310679612","0.39895697522816165","0.004223841651982033","1.0","0.290094170162245","5","2","5","0.0625","1.0"
"group_1371","","hypothetical protein","80","86","3","17","96.3855421686747","16.50485436893204","5.271317829457364","0.004379354229135893","1.0","0.290094170162245","3","2","2","1.0","1.0"
"group_3055","","hypothetical protein","80","86","3","17","96.3855421686747","16.50485436893204","5.271317829457364","0.004379354229135893","1.0","0.290094170162245","3","2","2","1.0","1.0"
"group_552","","hypothetical protein","80","86","3","17","96.3855421686747","16.50485436893204","5.271317829457364","0.004379354229135893","1.0","0.290094170162245","3","2","2","1.0","1.0"
"ykoD_2","","Putative HMP/thiamine import ATP-binding protein YkoD","25","53","58","50","30.120481927710845","48.54368932038835","0.4066363044892648","0.004425162652434573","1.0","0.290094170162245","6","3","6","0.03125","1.0"
"group_1186","","hypothetical protein","25","53","58","50","30.120481927710845","48.54368932038835","0.4066363044892648","0.004425162652434573","1.0","0.290094170162245","6","3","6","0.03125","1.0"
"oppC","","Oligopeptide transport system permease protein OppC","25","53","58","50","30.120481927710845","48.54368932038835","0.4066363044892648","0.004425162652434573","1.0","0.290094170162245","6","3","6","0.03125","1.0"
"group_1979","oppF_2","putative ABC transporter ATP-binding protein","25","53","58","50","30.120481927710845","48.54368932038835","0.4066363044892648","0.004425162652434573","1.0","0.290094170162245","6","3","6","0.03125","1.0"
"group_1980","","hypothetical protein","25","53","58","50","30.120481927710845","48.54368932038835","0.4066363044892648","0.004425162652434573","1.0","0.290094170162245","6","3","6","0.03125","1.0"
"group_2448","","hypothetical protein","25","53","58","50","30.120481927710845","48.54368932038835","0.4066363044892648","0.004425162652434573","1.0","0.290094170162245","6","3","6","0.03125","1.0"
"irtB","","Iron import ATP-binding/permease protein IrtB","25","53","58","50","30.120481927710845","48.54368932038835","0.4066363044892648","0.004425162652434573","1.0","0.290094170162245","6","3","6","0.03125","1.0"
"group_1012","","hypothetical protein","83","94","0","9","100.0","8.737864077669903","inf","0.004705308722480963","1.0","0.290094170162245","2","2","0","0.5","0.5"
"group_1550","btuD_1","Vitamin B12 import ATP-binding protein BtuD","83","94","0","9","100.0","8.737864077669903","inf","0.004705308722480963","1.0","0.290094170162245","2","2","0","0.5","0.5"
"group_1681","","hypothetical protein","83","94","0","9","100.0","8.737864077669903","inf","0.004705308722480963","1.0","0.290094170162245","2","2","0","0.5","0.5"
"group_637","","Protein B","83","94","0","9","100.0","8.737864077669903","inf","0.004705308722480963","1.0","0.290094170162245","2","2","0","0.5","0.5"
"rl5","","hypothetical protein","83","94","0","9","100.0","8.737864077669903","inf","0.004705308722480963","1.0","0.290094170162245","2","2","0","0.5","0.5"
"group_8944","","hypothetical protein","0","9","83","94","0.0","91.2621359223301","0.0","0.004705308722480963","1.0","0.290094170162245","2","0","2","0.5","0.5"
"group_3283","","hypothetical protein","12","3","71","100","14.457831325301203","97.0873786407767","5.633802816901408","0.005568528405752444","1.0","0.290094170162245","3","3","1","0.25","1.0"
"sbnB","","N-((2S)-2-amino-2-carboxyethyl)-L-glutamate dehydrogenase","79","84","4","19","95.18072289156626","18.446601941747574","4.467261904761905","0.006291662923437627","1.0","0.290094170162245","6","4","3","0.6875000000000002","1.0"
"sbnA","","N-(2-amino-2-carboxyethyl)-L-glutamate synthase","79","84","4","19","95.18072289156626","18.446601941747574","4.467261904761905","0.006291662923437627","1.0","0.290094170162245","6","4","3","0.6875000000000002","1.0"
"group_1548","","hypothetical protein","24","51","59","52","28.915662650602407","50.48543689320388","0.4147557328015952","0.006616511402835467","1.0","0.290094170162245","5","3","5","0.0625","1.0"
"group_2000","","hypothetical protein","25","14","58","89","30.120481927710845","86.40776699029125","2.7401477832512313","0.006807639814571912","1.0","0.290094170162245","6","5","3","0.21875000000000003","1.0"
"group_1181","","hypothetical protein","25","52","58","51","30.120481927710845","49.51456310679612","0.42274535809018565","0.0068874482499493754","1.0","0.290094170162245","5","3","5","0.0625","1.0"
"group_1184","irtA","Iron import ATP-binding/permease protein IrtA","25","52","58","51","30.120481927710845","49.51456310679612","0.42274535809018565","0.0068874482499493754","1.0","0.290094170162245","5","3","5","0.0625","1.0"
"group_1547","","hypothetical protein","25","52","58","51","30.120481927710845","49.51456310679612","0.42274535809018565","0.0068874482499493754","1.0","0.290094170162245","5","3","5","0.0625","1.0"
"group_157","","hypothetical protein","25","52","58","51","30.120481927710845","49.51456310679612","0.42274535809018565","0.0068874482499493754","1.0","0.290094170162245","5","3","5","0.0625","1.0"
"group_1981","","hypothetical protein","25","52","58","51","30.120481927710845","49.51456310679612","0.42274535809018565","0.0068874482499493754","1.0","0.290094170162245","5","3","5","0.0625","1.0"
"group_1982","","hypothetical protein","25","52","58","51","30.120481927710845","49.51456310679612","0.42274535809018565","0.0068874482499493754","1.0","0.290094170162245","6","4","6","0.03125","0.6875000000000002"
"glcK","","Glucokinase","25","52","58","51","30.120481927710845","49.51456310679612","0.42274535809018565","0.0068874482499493754","1.0","0.290094170162245","5","3","5","0.0625","1.0"
"nanK","","N-acetylmannosamine kinase","25","52","58","51","30.120481927710845","49.51456310679612","0.42274535809018565","0.0068874482499493754","1.0","0.290094170162245","5","3","5","0.0625","1.0"
"gsiC_2","","Glutathione transport system permease protein GsiC","25","52","58","51","30.120481927710845","49.51456310679612","0.42274535809018565","0.0068874482499493754","1.0","0.290094170162245","5","3","5","0.0625","1.0"
"group_3190","","hypothetical protein","25","52","58","51","30.120481927710845","49.51456310679612","0.42274535809018565","0.0068874482499493754","1.0","0.290094170162245","5","3","5","0.0625","1.0"
"group_345","","hypothetical protein","25","52","58","51","30.120481927710845","49.51456310679612","0.42274535809018565","0.0068874482499493754","1.0","0.290094170162245","5","3","5","0.0625","1.0"
"group_454","","hypothetical protein","25","52","58","51","30.120481927710845","49.51456310679612","0.42274535809018565","0.0068874482499493754","1.0","0.290094170162245","5","3","5","0.0625","1.0"
"group_863","","hypothetical protein","25","52","58","51","30.120481927710845","49.51456310679612","0.42274535809018565","0.0068874482499493754","1.0","0.290094170162245","5","3","5","0.0625","1.0"
"group_1191","","hypothetical protein","24","50","59","53","28.915662650602407","51.45631067961165","0.4311864406779661","0.0070253379153771955","1.0","0.290094170162245","5","3","5","0.0625","1.0"
"yxlF_2","","hypothetical protein","26","53","57","50","31.32530120481928","48.54368932038835","0.43032108573320094","0.007197948399115201","1.0","0.290094170162245","6","3","6","0.03125","1.0"
"group_889","","Iron-sulfur cluster carrier protein","3","16","80","87","3.614457831325301","84.46601941747572","0.20390625","0.007497622276034733","1.0","0.290094170162245","7","3","5","0.4531249999999996","0.9999999999999998"
"group_1603","","hypothetical protein","2","14","81","89","2.4096385542168677","86.40776699029125","0.15696649029982362","0.007506102748214191","1.0","0.290094170162245","6","2","4","0.6875000000000002","0.6875000000000002"
"group_2663","","hypothetical protein","2","14","81","89","2.4096385542168677","86.40776699029125","0.15696649029982362","0.007506102748214191","1.0","0.290094170162245","6","2","4","0.6875000000000002","0.6875000000000002"
"group_1518","","putative protein","60","91","23","12","72.28915662650603","11.650485436893204","0.34400382226469184","0.007733299670579416","1.0","0.290094170162245","7","3","6","0.125","0.9999999999999998"
"msbA_2","","Lipid A export ATP-binding/permease protein MsbA","63","59","20","44","75.90361445783132","42.71844660194174","2.3491525423728814","0.008602264585656414","1.0","0.290094170162245","7","5","3","0.4531249999999996","0.9999999999999998"
"sufU","","Zinc-dependent sulfurtransferase SufU","83","95","0","8","100.0","7.766990291262135","inf","0.009088514150760988","1.0","0.290094170162245","1","1","0","1.0","1.0"
"ilvH","","Acetolactate synthase small subunit","83","95","0","8","100.0","7.766990291262135","inf","0.009088514150760988","1.0","0.290094170162245","1","1","0","1.0","1.0"
"group_1157","","hypothetical protein","83","95","0","8","100.0","7.766990291262135","inf","0.009088514150760988","1.0","0.290094170162245","1","1","0","1.0","1.0"
"group_1470","","hypothetical protein","83","95","0","8","100.0","7.766990291262135","inf","0.009088514150760988","1.0","0.290094170162245","1","1","0","1.0","1.0"
"group_1491","btuD_7","Vitamin B12 import ATP-binding protein BtuD","83","95","0","8","100.0","7.766990291262135","inf","0.009088514150760988","1.0","0.290094170162245","1","1","0","1.0","1.0"
"group_1524","","putative butyrate:acetyl-CoA coenzyme A-transferase","83","95","0","8","100.0","7.766990291262135","inf","0.009088514150760988","1.0","0.290094170162245","1","1","0","1.0","1.0"
"group_1659","","hypothetical protein","83","95","0","8","100.0","7.766990291262135","inf","0.009088514150760988","1.0","0.290094170162245","1","1","0","1.0","1.0"
"atpH_2","","ATP synthase subunit c","83","95","0","8","100.0","7.766990291262135","inf","0.009088514150760988","1.0","0.290094170162245","1","1","0","1.0","1.0"
"group_1816","","hypothetical protein","83","95","0","8","100.0","7.766990291262135","inf","0.009088514150760988","1.0","0.290094170162245","1","1","0","1.0","1.0"
"group_1864","","hypothetical protein","83","95","0","8","100.0","7.766990291262135","inf","0.009088514150760988","1.0","0.290094170162245","1","1","0","1.0","1.0"
"sgbE","","L-ribulose-5-phosphate 4-epimerase SgbE","83","95","0","8","100.0","7.766990291262135","inf","0.009088514150760988","1.0","0.290094170162245","1","1","0","1.0","1.0"
"prfA_1","","Peptide chain release factor 1","83","95","0","8","100.0","7.766990291262135","inf","0.009088514150760988","1.0","0.290094170162245","1","1","0","1.0","1.0"
"btuF_3","","Vitamin B12-binding protein","83","95","0","8","100.0","7.766990291262135","inf","0.009088514150760988","1.0","0.290094170162245","1","1","0","1.0","1.0"
"group_222","","hypothetical protein","83","95","0","8","100.0","7.766990291262135","inf","0.009088514150760988","1.0","0.290094170162245","1","1","0","1.0","1.0"
"group_226","bchI_2","Magnesium-chelatase 38 kDa subunit","83","95","0","8","100.0","7.766990291262135","inf","0.009088514150760988","1.0","0.290094170162245","1","1","0","1.0","1.0"
"group_2325","","hypothetical protein","83","95","0","8","100.0","7.766990291262135","inf","0.009088514150760988","1.0","0.290094170162245","1","1","0","1.0","1.0"
"rpmE2","","50S ribosomal protein L31 type B","83","95","0","8","100.0","7.766990291262135","inf","0.009088514150760988","1.0","0.290094170162245","1","1","0","1.0","1.0"
"group_280","","hypothetical protein","83","95","0","8","100.0","7.766990291262135","inf","0.009088514150760988","1.0","0.290094170162245","1","1","0","1.0","1.0"
"mnaT","","L-amino acid N-acyltransferase MnaT","83","95","0","8","100.0","7.766990291262135","inf","0.009088514150760988","1.0","0.290094170162245","1","1","0","1.0","1.0"
"group_382","","hypothetical protein","83","95","0","8","100.0","7.766990291262135","inf","0.009088514150760988","1.0","0.290094170162245","1","1","0","1.0","1.0"
"leuD","","3-isopropylmalate dehydratase large subunit","83","95","0","8","100.0","7.766990291262135","inf","0.009088514150760988","1.0","0.290094170162245","1","1","0","1.0","1.0"
"group_510","","hypothetical protein","83","95","0","8","100.0","7.766990291262135","inf","0.009088514150760988","1.0","0.290094170162245","1","1","0","1.0","1.0"
"malF","","Maltose/maltodextrin transport system permease protein MalF","83","95","0","8","100.0","7.766990291262135","inf","0.009088514150760988","1.0","0.290094170162245","1","1","0","1.0","1.0"
"malE","","Maltose/maltodextrin-binding periplasmic protein","83","95","0","8","100.0","7.766990291262135","inf","0.009088514150760988","1.0","0.290094170162245","1","1","0","1.0","1.0"
"rbfA","","hypothetical protein","83","95","0","8","100.0","7.766990291262135","inf","0.009088514150760988","1.0","0.290094170162245","1","1","0","1.0","1.0"
"nanT_2","","Sialic acid transporter NanT","83","95","0","8","100.0","7.766990291262135","inf","0.009088514150760988","1.0","0.290094170162245","1","1","0","1.0","1.0"
"group_63","","hypothetical protein","83","95","0","8","100.0","7.766990291262135","inf","0.009088514150760988","1.0","0.290094170162245","1","1","0","1.0","1.0"
"yfmO","","Multidrug efflux protein YfmO","83","95","0","8","100.0","7.766990291262135","inf","0.009088514150760988","1.0","0.290094170162245","1","1","0","1.0","1.0"
"cobN_2","","hypothetical protein","83","95","0","8","100.0","7.766990291262135","inf","0.009088514150760988","1.0","0.290094170162245","1","1","0","1.0","1.0"
"group_735","","hypothetical protein","83","95","0","8","100.0","7.766990291262135","inf","0.009088514150760988","1.0","0.290094170162245","1","1","0","1.0","1.0"
"dmsB","","Anaerobic dimethyl sulfoxide reductase chain B","83","95","0","8","100.0","7.766990291262135","inf","0.009088514150760988","1.0","0.290094170162245","1","1","0","1.0","1.0"
"group_8","","hypothetical protein","83","95","0","8","100.0","7.766990291262135","inf","0.009088514150760988","1.0","0.290094170162245","1","1","0","1.0","1.0"
"group_819","","hypothetical protein","83","95","0","8","100.0","7.766990291262135","inf","0.009088514150760988","1.0","0.290094170162245","1","1","0","1.0","1.0"
"dmsA","","Dimethyl sulfoxide reductase DmsA","83","95","0","8","100.0","7.766990291262135","inf","0.009088514150760988","1.0","0.290094170162245","1","1","0","1.0","1.0"
"group_1702","","hypothetical protein","83","95","0","8","100.0","7.766990291262135","inf","0.009088514150760988","1.0","0.290094170162245","1","1","0","1.0","1.0"
"group_1609","","hypothetical protein","0","8","83","95","0.0","92.23300970873787","0.0","0.009088514150760988","1.0","0.290094170162245","1","0","1","1.0","1.0"
"group_2119","iolG_4","Inositol 2-dehydrogenase/D-chiro-inositol 3-dehydrogenase","0","8","83","95","0.0","92.23300970873787","0.0","0.009088514150760988","1.0","0.290094170162245","1","0","1","1.0","1.0"
"dasA","","Diacetylchitobiose binding protein DasA","0","8","83","95","0.0","92.23300970873787","0.0","0.009088514150760988","1.0","0.290094170162245","1","0","1","1.0","1.0"
"group_2124","","Beta-xylosidase","0","8","83","95","0.0","92.23300970873787","0.0","0.009088514150760988","1.0","0.290094170162245","1","0","1","1.0","1.0"
"group_2143","","hypothetical protein","0","8","83","95","0.0","92.23300970873787","0.0","0.009088514150760988","1.0","0.290094170162245","1","0","1","1.0","1.0"
"dapA_3","","4-hydroxy-tetrahydrodipicolinate synthase","0","8","83","95","0.0","92.23300970873787","0.0","0.009088514150760988","1.0","0.290094170162245","1","0","1","1.0","1.0"
"group_2749","","hypothetical protein","0","8","83","95","0.0","92.23300970873787","0.0","0.009088514150760988","1.0","0.290094170162245","1","0","1","1.0","1.0"
"group_2751","","hypothetical protein","0","8","83","95","0.0","92.23300970873787","0.0","0.009088514150760988","1.0","0.290094170162245","1","0","1","1.0","1.0"
"group_2752","","hypothetical protein","0","8","83","95","0.0","92.23300970873787","0.0","0.009088514150760988","1.0","0.290094170162245","1","0","1","1.0","1.0"
"group_2753","","hypothetical protein","0","8","83","95","0.0","92.23300970873787","0.0","0.009088514150760988","1.0","0.290094170162245","1","0","1","1.0","1.0"
"group_2754","","hypothetical protein","0","8","83","95","0.0","92.23300970873787","0.0","0.009088514150760988","1.0","0.290094170162245","1","0","1","1.0","1.0"
"group_2755","","hypothetical protein","0","8","83","95","0.0","92.23300970873787","0.0","0.009088514150760988","1.0","0.290094170162245","1","0","1","1.0","1.0"
"group_2757","","hypothetical protein","0","8","83","95","0.0","92.23300970873787","0.0","0.009088514150760988","1.0","0.290094170162245","1","0","1","1.0","1.0"
"group_2758","prmC_2","Release factor glutamine methyltransferase","0","8","83","95","0.0","92.23300970873787","0.0","0.009088514150760988","1.0","0.290094170162245","1","0","1","1.0","1.0"
"group_2759","","hypothetical protein","0","8","83","95","0.0","92.23300970873787","0.0","0.009088514150760988","1.0","0.290094170162245","1","0","1","1.0","1.0"
"group_2760","","hypothetical protein","0","8","83","95","0.0","92.23300970873787","0.0","0.009088514150760988","1.0","0.290094170162245","1","0","1","1.0","1.0"
"group_2761","","IS110 family transposase ISAar17","0","8","83","95","0.0","92.23300970873787","0.0","0.009088514150760988","1.0","0.290094170162245","1","0","1","1.0","1.0"
"group_2762","","IS3 family transposase IS1206","0","8","83","95","0.0","92.23300970873787","0.0","0.009088514150760988","1.0","0.290094170162245","1","0","1","1.0","1.0"
"group_2763","","hypothetical protein","0","8","83","95","0.0","92.23300970873787","0.0","0.009088514150760988","1.0","0.290094170162245","1","0","1","1.0","1.0"
"group_2764","","hypothetical protein","0","8","83","95","0.0","92.23300970873787","0.0","0.009088514150760988","1.0","0.290094170162245","1","0","1","1.0","1.0"
"group_2766","","hypothetical protein","0","8","83","95","0.0","92.23300970873787","0.0","0.009088514150760988","1.0","0.290094170162245","1","0","1","1.0","1.0"
"group_2767","","butyrate:acetyl-CoA coenzyme A-transferase","0","8","83","95","0.0","92.23300970873787","0.0","0.009088514150760988","1.0","0.290094170162245","1","0","1","1.0","1.0"
"group_2770","","hypothetical protein","0","8","83","95","0.0","92.23300970873787","0.0","0.009088514150760988","1.0","0.290094170162245","1","0","1","1.0","1.0"
"lysA_2","","Diaminopimelate decarboxylase","0","8","83","95","0.0","92.23300970873787","0.0","0.009088514150760988","1.0","0.290094170162245","1","0","1","1.0","1.0"
"group_2772","sbnB_2","N-((2S)-2-amino-2-carboxyethyl)-L-glutamate dehydrogenase","0","8","83","95","0.0","92.23300970873787","0.0","0.009088514150760988","1.0","0.290094170162245","1","0","1","1.0","1.0"
"group_2773","","hypothetical protein","0","8","83","95","0.0","92.23300970873787","0.0","0.009088514150760988","1.0","0.290094170162245","1","0","1","1.0","1.0"
"group_2774","","hypothetical protein","0","8","83","95","0.0","92.23300970873787","0.0","0.009088514150760988","1.0","0.290094170162245","1","0","1","1.0","1.0"
"group_2779","","hypothetical protein","0","8","83","95","0.0","92.23300970873787","0.0","0.009088514150760988","1.0","0.290094170162245","5","0","5","0.0625","0.0625"
"group_8840","ortA","2-amino-4-ketopentanoate thiolase alpha subunit","0","8","83","95","0.0","92.23300970873787","0.0","0.009088514150760988","1.0","0.290094170162245","1","0","1","1.0","1.0"
"ulaF_1","","L-ribulose-5-phosphate 4-epimerase UlaF","0","8","83","95","0.0","92.23300970873787","0.0","0.009088514150760988","1.0","0.290094170162245","1","0","1","1.0","1.0"
"group_8842","","hypothetical protein","0","8","83","95","0.0","92.23300970873787","0.0","0.009088514150760988","1.0","0.290094170162245","1","0","1","1.0","1.0"
"group_8845","rnpA","Ribonuclease P protein component","0","8","83","95","0.0","92.23300970873787","0.0","0.009088514150760988","1.0","0.290094170162245","1","0","1","1.0","1.0"
"folE_2","","GTP cyclohydrolase 1","0","8","83","95","0.0","92.23300970873787","0.0","0.009088514150760988","1.0","0.290094170162245","1","0","1","1.0","1.0"
"queD","","6-carboxy-5,6,7,8-tetrahydropterin synthase","0","8","83","95","0.0","92.23300970873787","0.0","0.009088514150760988","1.0","0.290094170162245","1","0","1","1.0","1.0"
"group_8848","","hypothetical protein","0","8","83","95","0.0","92.23300970873787","0.0","0.009088514150760988","1.0","0.290094170162245","1","0","1","1.0","1.0"
"group_8849","","hypothetical protein","0","8","83","95","0.0","92.23300970873787","0.0","0.009088514150760988","1.0","0.290094170162245","1","0","1","1.0","1.0"
"group_8850","","hypothetical protein","0","8","83","95","0.0","92.23300970873787","0.0","0.009088514150760988","1.0","0.290094170162245","1","0","1","1.0","1.0"
"group_8851","","hypothetical protein","0","8","83","95","0.0","92.23300970873787","0.0","0.009088514150760988","1.0","0.290094170162245","1","0","1","1.0","1.0"
"group_8852","","hypothetical protein","0","8","83","95","0.0","92.23300970873787","0.0","0.009088514150760988","1.0","0.290094170162245","1","0","1","1.0","1.0"
"group_8853","","hypothetical protein","0","8","83","95","0.0","92.23300970873787","0.0","0.009088514150760988","1.0","0.290094170162245","1","0","1","1.0","1.0"
"group_8854","","hypothetical protein","0","8","83","95","0.0","92.23300970873787","0.0","0.009088514150760988","1.0","0.290094170162245","1","0","1","1.0","1.0"
"group_8855","","hypothetical protein","0","8","83","95","0.0","92.23300970873787","0.0","0.009088514150760988","1.0","0.290094170162245","1","0","1","1.0","1.0"
"group_8856","fhuC","Iron(3 )-hydroxamate import ATP-binding protein FhuC","0","8","83","95","0.0","92.23300970873787","0.0","0.009088514150760988","1.0","0.290094170162245","1","0","1","1.0","1.0"
"group_8857","","hypothetical protein","0","8","83","95","0.0","92.23300970873787","0.0","0.009088514150760988","1.0","0.290094170162245","1","0","1","1.0","1.0"
"group_8859","","hypothetical protein","0","8","83","95","0.0","92.23300970873787","0.0","0.009088514150760988","1.0","0.290094170162245","1","0","1","1.0","1.0"
"group_8860","","hypothetical protein","0","8","83","95","0.0","92.23300970873787","0.0","0.009088514150760988","1.0","0.290094170162245","1","0","1","1.0","1.0"
"group_8861","andAa","Anthranilate 1,2-dioxygenase system ferredoxin--NAD( ) reductase component","0","8","83","95","0.0","92.23300970873787","0.0","0.009088514150760988","1.0","0.290094170162245","1","0","1","1.0","1.0"
"group_8862","","hypothetical protein","0","8","83","95","0.0","92.23300970873787","0.0","0.009088514150760988","1.0","0.290094170162245","1","0","1","1.0","1.0"
"group_8863","","hypothetical protein","0","8","83","95","0.0","92.23300970873787","0.0","0.009088514150760988","1.0","0.290094170162245","1","0","1","1.0","1.0"
"group_8864","","hypothetical protein","0","8","83","95","0.0","92.23300970873787","0.0","0.009088514150760988","1.0","0.290094170162245","1","0","1","1.0","1.0"
"group_8865","","hypothetical protein","0","8","83","95","0.0","92.23300970873787","0.0","0.009088514150760988","1.0","0.290094170162245","1","0","1","1.0","1.0"
"group_8867","","hypothetical protein","0","8","83","95","0.0","92.23300970873787","0.0","0.009088514150760988","1.0","0.290094170162245","1","0","1","1.0","1.0"
"group_8868","","hypothetical protein","0","8","83","95","0.0","92.23300970873787","0.0","0.009088514150760988","1.0","0.290094170162245","1","0","1","1.0","1.0"
"group_8870","","hypothetical protein","0","8","83","95","0.0","92.23300970873787","0.0","0.009088514150760988","1.0","0.290094170162245","1","0","1","1.0","1.0"
"group_8871","iolG_2","Inositol 2-dehydrogenase/D-chiro-inositol 3-dehydrogenase","0","8","83","95","0.0","92.23300970873787","0.0","0.009088514150760988","1.0","0.290094170162245","1","0","1","1.0","1.0"
"group_8872","","hypothetical protein","0","8","83","95","0.0","92.23300970873787","0.0","0.009088514150760988","1.0","0.290094170162245","1","0","1","1.0","1.0"
"group_8873","","hypothetical protein","0","8","83","95","0.0","92.23300970873787","0.0","0.009088514150760988","1.0","0.290094170162245","1","0","1","1.0","1.0"
"group_8874","","hypothetical protein","0","8","83","95","0.0","92.23300970873787","0.0","0.009088514150760988","1.0","0.290094170162245","1","0","1","1.0","1.0"
"group_8875","","hypothetical protein","0","8","83","95","0.0","92.23300970873787","0.0","0.009088514150760988","1.0","0.290094170162245","1","0","1","1.0","1.0"
"group_8876","","hypothetical protein","0","8","83","95","0.0","92.23300970873787","0.0","0.009088514150760988","1.0","0.290094170162245","1","0","1","1.0","1.0"
"group_8877","","hypothetical protein","0","8","83","95","0.0","92.23300970873787","0.0","0.009088514150760988","1.0","0.290094170162245","1","0","1","1.0","1.0"
"degU","","Transcriptional regulatory protein DegU","0","8","83","95","0.0","92.23300970873787","0.0","0.009088514150760988","1.0","0.290094170162245","1","0","1","1.0","1.0"
"group_8879","","hypothetical protein","0","8","83","95","0.0","92.23300970873787","0.0","0.009088514150760988","1.0","0.290094170162245","1","0","1","1.0","1.0"
"group_8880","","hypothetical protein","0","8","83","95","0.0","92.23300970873787","0.0","0.009088514150760988","1.0","0.290094170162245","1","0","1","1.0","1.0"
"group_8881","","hypothetical protein","0","8","83","95","0.0","92.23300970873787","0.0","0.009088514150760988","1.0","0.290094170162245","1","0","1","1.0","1.0"
"group_8883","","hypothetical protein","0","8","83","95","0.0","92.23300970873787","0.0","0.009088514150760988","1.0","0.290094170162245","1","0","1","1.0","1.0"
"group_8884","nanE_1","Putative N-acetylmannosamine-6-phosphate 2-epimerase","0","8","83","95","0.0","92.23300970873787","0.0","0.009088514150760988","1.0","0.290094170162245","1","0","1","1.0","1.0"
"group_8885","","hypothetical protein","0","8","83","95","0.0","92.23300970873787","0.0","0.009088514150760988","1.0","0.290094170162245","1","0","1","1.0","1.0"
"group_8886","","hypothetical protein","0","8","83","95","0.0","92.23300970873787","0.0","0.009088514150760988","1.0","0.290094170162245","1","0","1","1.0","1.0"
"group_8887","","hypothetical protein","0","8","83","95","0.0","92.23300970873787","0.0","0.009088514150760988","1.0","0.290094170162245","1","0","1","1.0","1.0"
"tcyC","","L-cystine import ATP-binding protein TcyC","0","8","83","95","0.0","92.23300970873787","0.0","0.009088514150760988","1.0","0.290094170162245","1","0","1","1.0","1.0"
"group_8889","","hypothetical protein","0","8","83","95","0.0","92.23300970873787","0.0","0.009088514150760988","1.0","0.290094170162245","1","0","1","1.0","1.0"
"group_8890","luxS_2","S-ribosylhomocysteine lyase","0","8","83","95","0.0","92.23300970873787","0.0","0.009088514150760988","1.0","0.290094170162245","1","0","1","1.0","1.0"
"group_8891","","hypothetical protein","0","8","83","95","0.0","92.23300970873787","0.0","0.009088514150760988","1.0","0.290094170162245","1","0","1","1.0","1.0"
"group_8892","","hypothetical protein","0","8","83","95","0.0","92.23300970873787","0.0","0.009088514150760988","1.0","0.290094170162245","1","0","1","1.0","1.0"
"group_8893","","hypothetical protein","0","8","83","95","0.0","92.23300970873787","0.0","0.009088514150760988","1.0","0.290094170162245","1","0","1","1.0","1.0"
"group_8894","degA_2","HTH-type transcriptional regulator DegA","0","8","83","95","0.0","92.23300970873787","0.0","0.009088514150760988","1.0","0.290094170162245","1","0","1","1.0","1.0"
"group_8895","iolT_1","Major myo-inositol transporter IolT","0","8","83","95","0.0","92.23300970873787","0.0","0.009088514150760988","1.0","0.290094170162245","1","0","1","1.0","1.0"
"group_8897","","hypothetical protein","0","8","83","95","0.0","92.23300970873787","0.0","0.009088514150760988","1.0","0.290094170162245","1","0","1","1.0","1.0"
"group_8898","","hypothetical protein","0","8","83","95","0.0","92.23300970873787","0.0","0.009088514150760988","1.0","0.290094170162245","1","0","1","1.0","1.0"
"group_8899","","hypothetical protein","0","8","83","95","0.0","92.23300970873787","0.0","0.009088514150760988","1.0","0.290094170162245","1","0","1","1.0","1.0"
"group_8901","","hypothetical protein","0","8","83","95","0.0","92.23300970873787","0.0","0.009088514150760988","1.0","0.290094170162245","1","0","1","1.0","1.0"
"group_8902","","hypothetical protein","0","8","83","95","0.0","92.23300970873787","0.0","0.009088514150760988","1.0","0.290094170162245","1","0","1","1.0","1.0"
"group_8903","","hypothetical protein","0","8","83","95","0.0","92.23300970873787","0.0","0.009088514150760988","1.0","0.290094170162245","1","0","1","1.0","1.0"
"group_8904","","hypothetical protein","0","8","83","95","0.0","92.23300970873787","0.0","0.009088514150760988","1.0","0.290094170162245","1","0","1","1.0","1.0"
"group_8905","","hypothetical protein","0","8","83","95","0.0","92.23300970873787","0.0","0.009088514150760988","1.0","0.290094170162245","1","0","1","1.0","1.0"
"group_8906","","hypothetical protein","0","8","83","95","0.0","92.23300970873787","0.0","0.009088514150760988","1.0","0.290094170162245","1","0","1","1.0","1.0"
"group_8907","","hypothetical protein","0","8","83","95","0.0","92.23300970873787","0.0","0.009088514150760988","1.0","0.290094170162245","1","0","1","1.0","1.0"
"group_8908","","hypothetical protein","0","8","83","95","0.0","92.23300970873787","0.0","0.009088514150760988","1.0","0.290094170162245","1","0","1","1.0","1.0"
"group_8909","","hypothetical protein","0","8","83","95","0.0","92.23300970873787","0.0","0.009088514150760988","1.0","0.290094170162245","1","0","1","1.0","1.0"
"group_8911","","hypothetical protein","0","8","83","95","0.0","92.23300970873787","0.0","0.009088514150760988","1.0","0.290094170162245","1","0","1","1.0","1.0"
"glpR_4","","Glycerol-3-phosphate regulon repressor","0","8","83","95","0.0","92.23300970873787","0.0","0.009088514150760988","1.0","0.290094170162245","1","0","1","1.0","1.0"
"group_8913","","hypothetical protein","0","8","83","95","0.0","92.23300970873787","0.0","0.009088514150760988","1.0","0.290094170162245","1","0","1","1.0","1.0"
"group_8914","","hypothetical protein","0","8","83","95","0.0","92.23300970873787","0.0","0.009088514150760988","1.0","0.290094170162245","1","0","1","1.0","1.0"
"dat","","Diaminobutyrate--2-oxoglutarate aminotransferase","0","8","83","95","0.0","92.23300970873787","0.0","0.009088514150760988","1.0","0.290094170162245","1","0","1","1.0","1.0"
"group_8916","","hypothetical protein","0","8","83","95","0.0","92.23300970873787","0.0","0.009088514150760988","1.0","0.290094170162245","1","0","1","1.0","1.0"
"tdh_2","","L-threonine 3-dehydrogenase","0","8","83","95","0.0","92.23300970873787","0.0","0.009088514150760988","1.0","0.290094170162245","1","0","1","1.0","1.0"
"group_8918","","hypothetical protein","0","8","83","95","0.0","92.23300970873787","0.0","0.009088514150760988","1.0","0.290094170162245","1","0","1","1.0","1.0"
"group_8919","","hypothetical protein","0","8","83","95","0.0","92.23300970873787","0.0","0.009088514150760988","1.0","0.290094170162245","1","0","1","1.0","1.0"
"group_8920","","hypothetical protein","0","8","83","95","0.0","92.23300970873787","0.0","0.009088514150760988","1.0","0.290094170162245","1","0","1","1.0","1.0"
"group_8921","rihA","Pyrimidine-specific ribonucleoside hydrolase RihA","0","8","83","95","0.0","92.23300970873787","0.0","0.009088514150760988","1.0","0.290094170162245","1","0","1","1.0","1.0"
"group_8922","","hypothetical protein","0","8","83","95","0.0","92.23300970873787","0.0","0.009088514150760988","1.0","0.290094170162245","1","0","1","1.0","1.0"
"group_8923","","hypothetical protein","0","8","83","95","0.0","92.23300970873787","0.0","0.009088514150760988","1.0","0.290094170162245","1","0","1","1.0","1.0"
"group_8925","","hypothetical protein","0","8","83","95","0.0","92.23300970873787","0.0","0.009088514150760988","1.0","0.290094170162245","1","0","1","1.0","1.0"
"group_8926","","hypothetical protein","0","8","83","95","0.0","92.23300970873787","0.0","0.009088514150760988","1.0","0.290094170162245","1","0","1","1.0","1.0"
"group_8927","","hypothetical protein","0","8","83","95","0.0","92.23300970873787","0.0","0.009088514150760988","1.0","0.290094170162245","1","0","1","1.0","1.0"
"group_8928","","hypothetical protein","0","8","83","95","0.0","92.23300970873787","0.0","0.009088514150760988","1.0","0.290094170162245","1","0","1","1.0","1.0"
"group_8929","","hypothetical protein","0","8","83","95","0.0","92.23300970873787","0.0","0.009088514150760988","1.0","0.290094170162245","1","0","1","1.0","1.0"
"group_8930","","hypothetical protein","0","8","83","95","0.0","92.23300970873787","0.0","0.009088514150760988","1.0","0.290094170162245","1","0","1","1.0","1.0"
"group_8931","gsiC_2","Glutathione transport system permease protein GsiC","0","8","83","95","0.0","92.23300970873787","0.0","0.009088514150760988","1.0","0.290094170162245","1","0","1","1.0","1.0"
"dppC_1","","Dipeptide transport system permease protein DppC","0","8","83","95","0.0","92.23300970873787","0.0","0.009088514150760988","1.0","0.290094170162245","1","0","1","1.0","1.0"
"group_8933","oppD_1","Oligopeptide transport ATP-binding protein OppD","0","8","83","95","0.0","92.23300970873787","0.0","0.009088514150760988","1.0","0.290094170162245","1","0","1","1.0","1.0"
"oppF_1","","Oligopeptide transport ATP-binding protein OppF","0","8","83","95","0.0","92.23300970873787","0.0","0.009088514150760988","1.0","0.290094170162245","1","0","1","1.0","1.0"
"group_8935","","hypothetical protein","0","8","83","95","0.0","92.23300970873787","0.0","0.009088514150760988","1.0","0.290094170162245","1","0","1","1.0","1.0"
"group_8936","","hypothetical protein","0","8","83","95","0.0","92.23300970873787","0.0","0.009088514150760988","1.0","0.290094170162245","1","0","1","1.0","1.0"
"group_8937","","hypothetical protein","0","8","83","95","0.0","92.23300970873787","0.0","0.009088514150760988","1.0","0.290094170162245","1","0","1","1.0","1.0"
"group_8938","","hypothetical protein","0","8","83","95","0.0","92.23300970873787","0.0","0.009088514150760988","1.0","0.290094170162245","1","0","1","1.0","1.0"
"group_8939","","hypothetical protein","0","8","83","95","0.0","92.23300970873787","0.0","0.009088514150760988","1.0","0.290094170162245","1","0","1","1.0","1.0"
"group_8940","","hypothetical protein","0","8","83","95","0.0","92.23300970873787","0.0","0.009088514150760988","1.0","0.290094170162245","1","0","1","1.0","1.0"
"group_8941","","hypothetical protein","0","8","83","95","0.0","92.23300970873787","0.0","0.009088514150760988","1.0","0.290094170162245","1","0","1","1.0","1.0"
"group_8942","","hypothetical protein","0","8","83","95","0.0","92.23300970873787","0.0","0.009088514150760988","1.0","0.290094170162245","1","0","1","1.0","1.0"
"group_8943","","hypothetical protein","0","8","83","95","0.0","92.23300970873787","0.0","0.009088514150760988","1.0","0.290094170162245","1","0","1","1.0","1.0"
"group_8945","","hypothetical protein","0","8","83","95","0.0","92.23300970873787","0.0","0.009088514150760988","1.0","0.290094170162245","1","0","1","1.0","1.0"
"group_8946","","hypothetical protein","0","8","83","95","0.0","92.23300970873787","0.0","0.009088514150760988","1.0","0.290094170162245","1","0","1","1.0","1.0"
"group_8947","","hypothetical protein","0","8","83","95","0.0","92.23300970873787","0.0","0.009088514150760988","1.0","0.290094170162245","1","0","1","1.0","1.0"
"group_8948","","hypothetical protein","0","8","83","95","0.0","92.23300970873787","0.0","0.009088514150760988","1.0","0.290094170162245","1","0","1","1.0","1.0"
"group_8949","","hypothetical protein","0","8","83","95","0.0","92.23300970873787","0.0","0.009088514150760988","1.0","0.290094170162245","1","0","1","1.0","1.0"
"group_8950","","hypothetical protein","0","8","83","95","0.0","92.23300970873787","0.0","0.009088514150760988","1.0","0.290094170162245","1","0","1","1.0","1.0"
"group_8951","","hypothetical protein","0","8","83","95","0.0","92.23300970873787","0.0","0.009088514150760988","1.0","0.290094170162245","1","0","1","1.0","1.0"
"group_8952","","hypothetical protein","0","8","83","95","0.0","92.23300970873787","0.0","0.009088514150760988","1.0","0.290094170162245","1","0","1","1.0","1.0"
"group_8953","btuD_9","Vitamin B12 import ATP-binding protein BtuD","0","8","83","95","0.0","92.23300970873787","0.0","0.009088514150760988","1.0","0.290094170162245","1","0","1","1.0","1.0"
"group_8954","","hypothetical protein","0","8","83","95","0.0","92.23300970873787","0.0","0.009088514150760988","1.0","0.290094170162245","1","0","1","1.0","1.0"
"group_8955","","hypothetical protein","0","8","83","95","0.0","92.23300970873787","0.0","0.009088514150760988","1.0","0.290094170162245","1","0","1","1.0","1.0"
"group_8956","","hypothetical protein","0","8","83","95","0.0","92.23300970873787","0.0","0.009088514150760988","1.0","0.290094170162245","1","0","1","1.0","1.0"
"group_8957","","hypothetical protein","0","8","83","95","0.0","92.23300970873787","0.0","0.009088514150760988","1.0","0.290094170162245","1","0","1","1.0","1.0"
"group_8958","","hypothetical protein","0","8","83","95","0.0","92.23300970873787","0.0","0.009088514150760988","1.0","0.290094170162245","1","0","1","1.0","1.0"
"group_8959","","hypothetical protein","0","8","83","95","0.0","92.23300970873787","0.0","0.009088514150760988","1.0","0.290094170162245","1","0","1","1.0","1.0"
"group_8960","","hypothetical protein","0","8","83","95","0.0","92.23300970873787","0.0","0.009088514150760988","1.0","0.290094170162245","1","0","1","1.0","1.0"
"group_8962","","hypothetical protein","0","8","83","95","0.0","92.23300970873787","0.0","0.009088514150760988","1.0","0.290094170162245","1","0","1","1.0","1.0"
"group_8963","","hypothetical protein","0","8","83","95","0.0","92.23300970873787","0.0","0.009088514150760988","1.0","0.290094170162245","1","0","1","1.0","1.0"
"group_8965","lacF_4","Lactose transport system permease protein LacF","0","8","83","95","0.0","92.23300970873787","0.0","0.009088514150760988","1.0","0.290094170162245","1","0","1","1.0","1.0"
"group_8966","araQ_5","L-arabinose transport system permease protein AraQ","0","8","83","95","0.0","92.23300970873787","0.0","0.009088514150760988","1.0","0.290094170162245","1","0","1","1.0","1.0"
"group_8968","","hypothetical protein","0","8","83","95","0.0","92.23300970873787","0.0","0.009088514150760988","1.0","0.290094170162245","1","0","1","1.0","1.0"
"group_8969","","1,2-beta-oligoglucan phosphorylase","0","8","83","95","0.0","92.23300970873787","0.0","0.009088514150760988","1.0","0.290094170162245","1","0","1","1.0","1.0"
"group_8970","","hypothetical protein","0","8","83","95","0.0","92.23300970873787","0.0","0.009088514150760988","1.0","0.290094170162245","1","0","1","1.0","1.0"
"group_8971","","hypothetical protein","0","8","83","95","0.0","92.23300970873787","0.0","0.009088514150760988","1.0","0.290094170162245","1","0","1","1.0","1.0"
"group_8972","btuD_9","Vitamin B12 import ATP-binding protein BtuD","0","8","83","95","0.0","92.23300970873787","0.0","0.009088514150760988","1.0","0.290094170162245","1","0","1","1.0","1.0"
"group_8973","","hypothetical protein","0","8","83","95","0.0","92.23300970873787","0.0","0.009088514150760988","1.0","0.290094170162245","1","0","1","1.0","1.0"
"group_8974","fldZ_1","Cinnamate reductase","0","8","83","95","0.0","92.23300970873787","0.0","0.009088514150760988","1.0","0.290094170162245","1","0","1","1.0","1.0"
"group_8975","sufU","Zinc-dependent sulfurtransferase SufU","0","8","83","95","0.0","92.23300970873787","0.0","0.009088514150760988","1.0","0.290094170162245","1","0","1","1.0","1.0"
"group_8976","","hypothetical protein","0","8","83","95","0.0","92.23300970873787","0.0","0.009088514150760988","1.0","0.290094170162245","1","0","1","1.0","1.0"
"group_8977","","hypothetical protein","0","8","83","95","0.0","92.23300970873787","0.0","0.009088514150760988","1.0","0.290094170162245","1","0","1","1.0","1.0"
"group_8978","","hypothetical protein","0","8","83","95","0.0","92.23300970873787","0.0","0.009088514150760988","1.0","0.290094170162245","1","0","1","1.0","1.0"
"group_8979","","hypothetical protein","0","8","83","95","0.0","92.23300970873787","0.0","0.009088514150760988","1.0","0.290094170162245","1","0","1","1.0","1.0"
"hsdR_2","","Type I restriction enzyme EcoR124II R protein","0","8","83","95","0.0","92.23300970873787","0.0","0.009088514150760988","1.0","0.290094170162245","1","0","1","1.0","1.0"
"group_8981","hsdR_1","Type I restriction enzyme EcoR124II R protein","0","8","83","95","0.0","92.23300970873787","0.0","0.009088514150760988","1.0","0.290094170162245","1","0","1","1.0","1.0"
"group_8983","","hypothetical protein","0","8","83","95","0.0","92.23300970873787","0.0","0.009088514150760988","1.0","0.290094170162245","1","0","1","1.0","1.0"
"btuD_10","","Vitamin B12 import ATP-binding protein BtuD","0","8","83","95","0.0","92.23300970873787","0.0","0.009088514150760988","1.0","0.290094170162245","1","0","1","1.0","1.0"
"group_8985","","hypothetical protein","0","8","83","95","0.0","92.23300970873787","0.0","0.009088514150760988","1.0","0.290094170162245","1","0","1","1.0","1.0"
"group_8987","","hypothetical protein","0","8","83","95","0.0","92.23300970873787","0.0","0.009088514150760988","1.0","0.290094170162245","1","0","1","1.0","1.0"
"group_8988","","hypothetical protein","0","8","83","95","0.0","92.23300970873787","0.0","0.009088514150760988","1.0","0.290094170162245","1","0","1","1.0","1.0"
"group_8989","","hypothetical protein","0","8","83","95","0.0","92.23300970873787","0.0","0.009088514150760988","1.0","0.290094170162245","1","0","1","1.0","1.0"
"group_8990","","hypothetical protein","0","8","83","95","0.0","92.23300970873787","0.0","0.009088514150760988","1.0","0.290094170162245","1","0","1","1.0","1.0"
"group_8991","","Insertion element IS6110 uncharacterized 12.0 kDa protein","0","8","83","95","0.0","92.23300970873787","0.0","0.009088514150760988","1.0","0.290094170162245","1","0","1","1.0","1.0"
"group_8992","","hypothetical protein","0","8","83","95","0.0","92.23300970873787","0.0","0.009088514150760988","1.0","0.290094170162245","1","0","1","1.0","1.0"
"group_8993","","hypothetical protein","0","8","83","95","0.0","92.23300970873787","0.0","0.009088514150760988","1.0","0.290094170162245","1","0","1","1.0","1.0"
"group_8994","","hypothetical protein","0","8","83","95","0.0","92.23300970873787","0.0","0.009088514150760988","1.0","0.290094170162245","1","0","1","1.0","1.0"
"group_8995","","hypothetical protein","0","8","83","95","0.0","92.23300970873787","0.0","0.009088514150760988","1.0","0.290094170162245","1","0","1","1.0","1.0"
"group_8997","","hypothetical protein","0","8","83","95","0.0","92.23300970873787","0.0","0.009088514150760988","1.0","0.290094170162245","1","0","1","1.0","1.0"
"group_8998","","hypothetical protein","0","8","83","95","0.0","92.23300970873787","0.0","0.009088514150760988","1.0","0.290094170162245","1","0","1","1.0","1.0"
"group_8999","","hypothetical protein","0","8","83","95","0.0","92.23300970873787","0.0","0.009088514150760988","1.0","0.290094170162245","1","0","1","1.0","1.0"
"group_9000","","hypothetical protein","0","8","83","95","0.0","92.23300970873787","0.0","0.009088514150760988","1.0","0.290094170162245","1","0","1","1.0","1.0"
"group_9002","","hypothetical protein","0","8","83","95","0.0","92.23300970873787","0.0","0.009088514150760988","1.0","0.290094170162245","1","0","1","1.0","1.0"
"group_9003","","hypothetical protein","0","8","83","95","0.0","92.23300970873787","0.0","0.009088514150760988","1.0","0.290094170162245","1","0","1","1.0","1.0"
"group_9004","","hypothetical protein","0","8","83","95","0.0","92.23300970873787","0.0","0.009088514150760988","1.0","0.290094170162245","1","0","1","1.0","1.0"
"group_9005","","hypothetical protein","0","8","83","95","0.0","92.23300970873787","0.0","0.009088514150760988","1.0","0.290094170162245","1","0","1","1.0","1.0"
"group_9006","","hypothetical protein","0","8","83","95","0.0","92.23300970873787","0.0","0.009088514150760988","1.0","0.290094170162245","1","0","1","1.0","1.0"
"group_9007","","IS110 family transposase ISAar17","0","8","83","95","0.0","92.23300970873787","0.0","0.009088514150760988","1.0","0.290094170162245","1","0","1","1.0","1.0"
"group_9008","","hypothetical protein","0","8","83","95","0.0","92.23300970873787","0.0","0.009088514150760988","1.0","0.290094170162245","1","0","1","1.0","1.0"
"group_9009","","hypothetical protein","0","8","83","95","0.0","92.23300970873787","0.0","0.009088514150760988","1.0","0.290094170162245","1","0","1","1.0","1.0"
"group_9010","","hypothetical protein","0","8","83","95","0.0","92.23300970873787","0.0","0.009088514150760988","1.0","0.290094170162245","1","0","1","1.0","1.0"
"group_9019","","hypothetical protein","0","8","83","95","0.0","92.23300970873787","0.0","0.009088514150760988","1.0","0.290094170162245","1","0","1","1.0","1.0"
"group_9023","","hypothetical protein","0","8","83","95","0.0","92.23300970873787","0.0","0.009088514150760988","1.0","0.290094170162245","1","0","1","1.0","1.0"
"group_9029","","hypothetical protein","0","8","83","95","0.0","92.23300970873787","0.0","0.009088514150760988","1.0","0.290094170162245","1","0","1","1.0","1.0"
"group_9030","","hypothetical protein","0","8","83","95","0.0","92.23300970873787","0.0","0.009088514150760988","1.0","0.290094170162245","1","0","1","1.0","1.0"
"group_9031","","hypothetical protein","0","8","83","95","0.0","92.23300970873787","0.0","0.009088514150760988","1.0","0.290094170162245","1","0","1","1.0","1.0"
"group_9032","","hypothetical protein","0","8","83","95","0.0","92.23300970873787","0.0","0.009088514150760988","1.0","0.290094170162245","1","0","1","1.0","1.0"
"group_9033","aroE","Shikimate dehydrogenase (NADP( ))","0","8","83","95","0.0","92.23300970873787","0.0","0.009088514150760988","1.0","0.290094170162245","1","0","1","1.0","1.0"
"group_9034","","hypothetical protein","0","8","83","95","0.0","92.23300970873787","0.0","0.009088514150760988","1.0","0.290094170162245","1","0","1","1.0","1.0"
"group_9035","","hypothetical protein","0","8","83","95","0.0","92.23300970873787","0.0","0.009088514150760988","1.0","0.290094170162245","1","0","1","1.0","1.0"
"group_9036","metXA","Bifunctional methionine biosynthesis protein MetXA/MetW","0","8","83","95","0.0","92.23300970873787","0.0","0.009088514150760988","1.0","0.290094170162245","1","0","1","1.0","1.0"
"group_9037","","hypothetical protein","0","8","83","95","0.0","92.23300970873787","0.0","0.009088514150760988","1.0","0.290094170162245","1","0","1","1.0","1.0"
"yecS","","L-cystine transport system permease protein YecS","0","8","83","95","0.0","92.23300970873787","0.0","0.009088514150760988","1.0","0.290094170162245","1","0","1","1.0","1.0"
"group_9039","","hypothetical protein","0","8","83","95","0.0","92.23300970873787","0.0","0.009088514150760988","1.0","0.290094170162245","1","0","1","1.0","1.0"
"group_9040","","hypothetical protein","0","8","83","95","0.0","92.23300970873787","0.0","0.009088514150760988","1.0","0.290094170162245","1","0","1","1.0","1.0"
"group_9041","mnaT","L-amino acid N-acyltransferase MnaT","0","8","83","95","0.0","92.23300970873787","0.0","0.009088514150760988","1.0","0.290094170162245","1","0","1","1.0","1.0"
"group_9042","","hypothetical protein","0","8","83","95","0.0","92.23300970873787","0.0","0.009088514150760988","1.0","0.290094170162245","1","0","1","1.0","1.0"
"group_9043","","hypothetical protein","0","8","83","95","0.0","92.23300970873787","0.0","0.009088514150760988","1.0","0.290094170162245","1","0","1","1.0","1.0"
"group_9044","","hypothetical protein","0","8","83","95","0.0","92.23300970873787","0.0","0.009088514150760988","1.0","0.290094170162245","1","0","1","1.0","1.0"
"group_9045","","hypothetical protein","0","8","83","95","0.0","92.23300970873787","0.0","0.009088514150760988","1.0","0.290094170162245","1","0","1","1.0","1.0"
"group_9046","","hypothetical protein","0","8","83","95","0.0","92.23300970873787","0.0","0.009088514150760988","1.0","0.290094170162245","1","0","1","1.0","1.0"
"group_9048","","hypothetical protein","0","8","83","95","0.0","92.23300970873787","0.0","0.009088514150760988","1.0","0.290094170162245","1","0","1","1.0","1.0"
"group_9049","","Protein B","0","8","83","95","0.0","92.23300970873787","0.0","0.009088514150760988","1.0","0.290094170162245","1","0","1","1.0","1.0"
"group_9050","","hypothetical protein","0","8","83","95","0.0","92.23300970873787","0.0","0.009088514150760988","1.0","0.290094170162245","1","0","1","1.0","1.0"
"group_9051","","hypothetical protein","0","8","83","95","0.0","92.23300970873787","0.0","0.009088514150760988","1.0","0.290094170162245","1","0","1","1.0","1.0"
"group_9052","","hypothetical protein","0","8","83","95","0.0","92.23300970873787","0.0","0.009088514150760988","1.0","0.290094170162245","1","0","1","1.0","1.0"
"leuC","","3-isopropylmalate dehydratase large subunit","0","8","83","95","0.0","92.23300970873787","0.0","0.009088514150760988","1.0","0.290094170162245","1","0","1","1.0","1.0"
"group_9054","","hypothetical protein","0","8","83","95","0.0","92.23300970873787","0.0","0.009088514150760988","1.0","0.290094170162245","1","0","1","1.0","1.0"
"group_9056","","hypothetical protein","0","8","83","95","0.0","92.23300970873787","0.0","0.009088514150760988","1.0","0.290094170162245","1","0","1","1.0","1.0"
"group_9057","","hypothetical protein","0","8","83","95","0.0","92.23300970873787","0.0","0.009088514150760988","1.0","0.290094170162245","1","0","1","1.0","1.0"
"group_9058","","hypothetical protein","0","8","83","95","0.0","92.23300970873787","0.0","0.009088514150760988","1.0","0.290094170162245","1","0","1","1.0","1.0"
"group_9059","","hypothetical protein","0","8","83","95","0.0","92.23300970873787","0.0","0.009088514150760988","1.0","0.290094170162245","1","0","1","1.0","1.0"
"group_9060","","hypothetical protein","0","8","83","95","0.0","92.23300970873787","0.0","0.009088514150760988","1.0","0.290094170162245","1","0","1","1.0","1.0"
"group_9061","","hypothetical protein","0","8","83","95","0.0","92.23300970873787","0.0","0.009088514150760988","1.0","0.290094170162245","1","0","1","1.0","1.0"
"group_9062","","hypothetical protein","0","8","83","95","0.0","92.23300970873787","0.0","0.009088514150760988","1.0","0.290094170162245","1","0","1","1.0","1.0"
"group_9063","","hypothetical protein","0","8","83","95","0.0","92.23300970873787","0.0","0.009088514150760988","1.0","0.290094170162245","1","0","1","1.0","1.0"
"group_9064","","hypothetical protein","0","8","83","95","0.0","92.23300970873787","0.0","0.009088514150760988","1.0","0.290094170162245","1","0","1","1.0","1.0"
"group_9065","","hypothetical protein","0","8","83","95","0.0","92.23300970873787","0.0","0.009088514150760988","1.0","0.290094170162245","1","0","1","1.0","1.0"
"group_9066","","hypothetical protein","0","8","83","95","0.0","92.23300970873787","0.0","0.009088514150760988","1.0","0.290094170162245","1","0","1","1.0","1.0"
"group_9067","","hypothetical protein","0","8","83","95","0.0","92.23300970873787","0.0","0.009088514150760988","1.0","0.290094170162245","1","0","1","1.0","1.0"
"group_9068","","hypothetical protein","0","8","83","95","0.0","92.23300970873787","0.0","0.009088514150760988","1.0","0.290094170162245","1","0","1","1.0","1.0"
"group_9069","","hypothetical protein","0","8","83","95","0.0","92.23300970873787","0.0","0.009088514150760988","1.0","0.290094170162245","1","0","1","1.0","1.0"
"group_9070","","hypothetical protein","0","8","83","95","0.0","92.23300970873787","0.0","0.009088514150760988","1.0","0.290094170162245","1","0","1","1.0","1.0"
"group_9071","atpH_1","ATP synthase subunit c","0","8","83","95","0.0","92.23300970873787","0.0","0.009088514150760988","1.0","0.290094170162245","1","0","1","1.0","1.0"
"group_9072","","hypothetical protein","0","8","83","95","0.0","92.23300970873787","0.0","0.009088514150760988","1.0","0.290094170162245","1","0","1","1.0","1.0"
"group_9073","","hypothetical protein","0","8","83","95","0.0","92.23300970873787","0.0","0.009088514150760988","1.0","0.290094170162245","1","0","1","1.0","1.0"
"group_9074","","hypothetical protein","0","8","83","95","0.0","92.23300970873787","0.0","0.009088514150760988","1.0","0.290094170162245","1","0","1","1.0","1.0"
"group_9075","","hypothetical protein","0","8","83","95","0.0","92.23300970873787","0.0","0.009088514150760988","1.0","0.290094170162245","1","0","1","1.0","1.0"
"group_9076","","hypothetical protein","0","8","83","95","0.0","92.23300970873787","0.0","0.009088514150760988","1.0","0.290094170162245","1","0","1","1.0","1.0"
"group_9077","metF","5,10-methylenetetrahydrofolate reductase","0","8","83","95","0.0","92.23300970873787","0.0","0.009088514150760988","1.0","0.290094170162245","1","0","1","1.0","1.0"
"group_9078","","hypothetical protein","0","8","83","95","0.0","92.23300970873787","0.0","0.009088514150760988","1.0","0.290094170162245","1","0","1","1.0","1.0"
"group_9080","","hypothetical protein","0","8","83","95","0.0","92.23300970873787","0.0","0.009088514150760988","1.0","0.290094170162245","1","0","1","1.0","1.0"
"group_9081","","hypothetical protein","0","8","83","95","0.0","92.23300970873787","0.0","0.009088514150760988","1.0","0.290094170162245","1","0","1","1.0","1.0"
"group_9082","","hypothetical protein","0","8","83","95","0.0","92.23300970873787","0.0","0.009088514150760988","1.0","0.290094170162245","1","0","1","1.0","1.0"
"group_9083","","hypothetical protein","0","8","83","95","0.0","92.23300970873787","0.0","0.009088514150760988","1.0","0.290094170162245","1","0","1","1.0","1.0"
"group_9084","","hypothetical protein","0","8","83","95","0.0","92.23300970873787","0.0","0.009088514150760988","1.0","0.290094170162245","1","0","1","1.0","1.0"
"group_9085","","hypothetical protein","0","8","83","95","0.0","92.23300970873787","0.0","0.009088514150760988","1.0","0.290094170162245","1","0","1","1.0","1.0"
"group_9086","","hypothetical protein","0","8","83","95","0.0","92.23300970873787","0.0","0.009088514150760988","1.0","0.290094170162245","1","0","1","1.0","1.0"
"group_9087","","hypothetical protein","0","8","83","95","0.0","92.23300970873787","0.0","0.009088514150760988","1.0","0.290094170162245","1","0","1","1.0","1.0"
"group_9088","","hypothetical protein","0","8","83","95","0.0","92.23300970873787","0.0","0.009088514150760988","1.0","0.290094170162245","1","0","1","1.0","1.0"
"group_9089","","hypothetical protein","0","8","83","95","0.0","92.23300970873787","0.0","0.009088514150760988","1.0","0.290094170162245","1","0","1","1.0","1.0"
"group_9090","","hypothetical protein","0","8","83","95","0.0","92.23300970873787","0.0","0.009088514150760988","1.0","0.290094170162245","1","0","1","1.0","1.0"
"group_9091","sbnA","N-(2-amino-2-carboxyethyl)-L-glutamate synthase","0","8","83","95","0.0","92.23300970873787","0.0","0.009088514150760988","1.0","0.290094170162245","1","0","1","1.0","1.0"
"mbtB","","Phenyloxazoline synthase MbtB","0","8","83","95","0.0","92.23300970873787","0.0","0.009088514150760988","1.0","0.290094170162245","1","0","1","1.0","1.0"
"group_9093","","hypothetical protein","0","8","83","95","0.0","92.23300970873787","0.0","0.009088514150760988","1.0","0.290094170162245","1","0","1","1.0","1.0"
"group_9094","","hypothetical protein","0","8","83","95","0.0","92.23300970873787","0.0","0.009088514150760988","1.0","0.290094170162245","1","0","1","1.0","1.0"
"group_9095","","hypothetical protein","0","8","83","95","0.0","92.23300970873787","0.0","0.009088514150760988","1.0","0.290094170162245","1","0","1","1.0","1.0"
"group_9097","","hypothetical protein","0","8","83","95","0.0","92.23300970873787","0.0","0.009088514150760988","1.0","0.290094170162245","1","0","1","1.0","1.0"
"group_9098","","hypothetical protein","0","8","83","95","0.0","92.23300970873787","0.0","0.009088514150760988","1.0","0.290094170162245","1","0","1","1.0","1.0"
"yafQ","","mRNA interferase toxin YafQ","0","8","83","95","0.0","92.23300970873787","0.0","0.009088514150760988","1.0","0.290094170162245","1","0","1","1.0","1.0"
"group_9100","","hypothetical protein","0","8","83","95","0.0","92.23300970873787","0.0","0.009088514150760988","1.0","0.290094170162245","1","0","1","1.0","1.0"
"group_9474","","hypothetical protein","0","8","83","95","0.0","92.23300970873787","0.0","0.009088514150760988","1.0","0.290094170162245","1","0","1","1.0","1.0"
"group_1875","","hypothetical protein","61","56","22","47","73.49397590361446","45.63106796116505","2.3271103896103895","0.009323298390596726","1.0","0.29593032078231113","6","4","3","0.6875000000000002","1.0"
"group_809","","hypothetical protein","61","56","22","47","73.49397590361446","45.63106796116505","2.3271103896103895","0.009323298390596726","1.0","0.29593032078231113","5","4","2","0.375","1.0"
"group_1983","","hypothetical protein","23","48","60","55","27.710843373493976","53.398058252427184","0.4392361111111111","0.009925503192462052","1.0","0.3141697468836252","4","2","3","0.625","1.0"
"group_2432","","hypothetical protein","15","6","68","97","18.072289156626507","94.1747572815534","3.5661764705882355","0.010458597962199102","1.0","0.3292123041264714","9","6","5","0.5078125","1.0"
"group_1180","lacI_2","Lactose operon repressor","25","51","58","52","30.120481927710845","50.48543689320388","0.43948613928329955","0.010545194471800093","1.0","0.3292123041264714","5","4","5","0.0625","0.375"
"group_1984","menA","1,4-dihydroxy-2-naphthoate octaprenyltransferase","25","51","58","52","30.120481927710845","50.48543689320388","0.43948613928329955","0.010545194471800093","1.0","0.3292123041264714","5","4","5","0.0625","0.375"
"group_2449","pdhC","Dihydrolipoyllysine-residue acetyltransferase component of pyruvate dehydrogenase complex","25","51","58","52","30.120481927710845","50.48543689320388","0.43948613928329955","0.010545194471800093","1.0","0.3292123041264714","5","4","5","0.0625","0.375"
"group_2450","","hypothetical protein","25","51","58","52","30.120481927710845","50.48543689320388","0.43948613928329955","0.010545194471800093","1.0","0.3292123041264714","5","4","5","0.0625","0.375"
"group_2257","","hypothetical protein","79","85","4","18","95.18072289156626","17.475728155339805","4.182352941176471","0.010740648078715151","1.0","0.3343980460572654","5","3","3","1.0","1.0"
"melC_1","","Melibiose/raffinose/stachyose import permease protein MelC","26","52","57","51","31.32530120481928","49.51456310679612","0.4473684210526316","0.01095347682521966","1.0","0.3391708381070055","5","3","5","0.0625","1.0"
"melD_1","","Melibiose/raffinose/stachyose import permease protein MelD","26","52","57","51","31.32530120481928","49.51456310679612","0.4473684210526316","0.01095347682521966","1.0","0.3391708381070055","5","3","5","0.0625","1.0"
"group_1194","","hypothetical protein","43","34","40","69","51.80722891566265","66.99029126213593","2.1816176470588236","0.011176584087822067","1.0","0.34514139750876005","10","6","6","0.7539062500000002","0.7539062500000002"
"group_11654","","hypothetical protein","8","1","75","102","9.63855421686747","99.02912621359224","10.88","0.011440091763215206","1.0","0.3523239071401007","5","5","1","0.0625","0.375"
"group_2460","","hypothetical protein","25","15","58","88","30.120481927710845","85.43689320388349","2.528735632183908","0.012165052654321325","1.0","0.373640902954155","18","13","8","0.09625244140624999","0.8145294189453123"
"ortA","","2-amino-4-ketopentanoate thiolase alpha subunit","82","92","1","11","98.79518072289156","10.679611650485436","9.804347826086957","0.013093377375044651","1.0","0.400264705551211","2","2","1","0.5","1.0"
"metXA","","Bifunctional methionine biosynthesis protein MetXA/MetW","81","90","2","13","97.59036144578313","12.62135922330097","5.85","0.01327775855185237","1.0","0.400264705551211","3","2","2","1.0","1.0"
"group_1230","","hypothetical protein","2","13","81","90","2.4096385542168677","87.37864077669903","0.17094017094017094","0.01327775855185237","1.0","0.400264705551211","5","2","3","1.0","1.0"
"group_2094","","hypothetical protein","2","13","81","90","2.4096385542168677","87.37864077669903","0.17094017094017094","0.01327775855185237","1.0","0.400264705551211","6","2","4","0.6875000000000002","0.6875000000000002"
"group_2694","","hypothetical protein","2","13","81","90","2.4096385542168677","87.37864077669903","0.17094017094017094","0.01327775855185237","1.0","0.400264705551211","5","1","5","0.0625","0.375"
"group_2768","","hypothetical protein","2","13","81","90","2.4096385542168677","87.37864077669903","0.17094017094017094","0.01327775855185237","1.0","0.400264705551211","5","2","3","1.0","1.0"
"group_2769","","hypothetical protein","2","13","81","90","2.4096385542168677","87.37864077669903","0.17094017094017094","0.01327775855185237","1.0","0.400264705551211","5","2","3","1.0","1.0"
"group_1466","","hypothetical protein","62","58","21","45","74.69879518072288","43.689320388349515","2.29064039408867","0.013352135141432346","1.0","0.4003883682542673","7","5","4","0.4531249999999996","0.9999999999999998"
"group_1876","","hypothetical protein","62","58","21","45","74.69879518072288","43.689320388349515","2.29064039408867","0.013352135141432346","1.0","0.4003883682542673","7","5","3","0.4531249999999996","0.9999999999999998"
"menA","","1,4-dihydroxy-2-naphthoate octaprenyltransferase","62","59","21","44","74.69879518072288","42.71844660194174","2.201775625504439","0.014035360884206538","1.0","0.4164236060493277","7","5","3","0.4531249999999996","0.9999999999999998"
"group_314","","hypothetical protein","62","59","21","44","74.69879518072288","42.71844660194174","2.201775625504439","0.014035360884206538","1.0","0.4164236060493277","7","5","4","0.4531249999999996","0.9999999999999998"
"lolD","","Lipoprotein-releasing system ATP-binding protein LolD","61","57","22","46","73.49397590361446","44.66019417475729","2.237639553429027","0.014069599677840383","1.0","0.4164236060493277","6","4","3","0.6875000000000002","1.0"
"group_1112","","hypothetical protein","61","57","22","46","73.49397590361446","44.66019417475729","2.237639553429027","0.014069599677840383","1.0","0.4164236060493277","6","4","3","0.6875000000000002","1.0"
"group_3105","","hypothetical protein","61","57","22","46","73.49397590361446","44.66019417475729","2.237639553429027","0.014069599677840383","1.0","0.4164236060493277","5","4","2","0.375","1.0"
"group_2453","","hypothetical protein","12","31","71","72","14.457831325301203","69.90291262135922","0.39254884143571106","0.014200945948387434","1.0","0.4181389640358522","8","4","8","0.0078125","1.0"
"group_3170","","hypothetical protein","12","31","71","72","14.457831325301203","69.90291262135922","0.39254884143571106","0.014200945948387434","1.0","0.4181389640358522","8","4","8","0.0078125","1.0"
"group_3196","","hypothetical protein","19","10","64","93","22.89156626506024","90.29126213592234","2.7609375","0.015545431083997908","1.0","0.4565468742323613","10","6","5","0.7539062500000002","1.0"
"group_864","appA","Oligopeptide-binding protein AppA","25","50","58","53","30.120481927710845","51.45631067961165","0.45689655172413796","0.015876679842646388","1.0","0.46388401745373226","5","4","4","0.375","0.375"
"group_865","","hypothetical protein","25","50","58","53","30.120481927710845","51.45631067961165","0.45689655172413796","0.015876679842646388","1.0","0.46388401745373226","6","5","4","0.21875000000000003","0.6875000000000002"
"group_894","","hypothetical protein","5","0","78","103","6.024096385542169","100.0","inf","0.016522245409650877","1.0","0.47926706208188474","4","4","0","0.125","0.125"
"group_2455","","hypothetical protein","25","49","58","54","30.120481927710845","52.42718446601942","0.47501759324419424","0.016690216272952","1.0","0.47926706208188474","6","5","4","0.21875000000000003","0.6875000000000002"
"group_1989","","hypothetical protein","10","27","73","76","12.048192771084338","73.7864077669903","0.38559107052257735","0.017094052190903455","1.0","0.47926706208188474","21","9","15","0.07835388183593749","0.6636238098144525"
"iolE_1","","Inosose dehydratase","0","7","83","96","0.0","93.20388349514563","0.0","0.01758083650287212","1.0","0.47926706208188474","1","0","1","1.0","1.0"
"group_2756","ccpA","Catabolite control protein A","0","7","83","96","0.0","93.20388349514563","0.0","0.01758083650287212","1.0","0.47926706208188474","1","0","1","1.0","1.0"
"group_2765","","hypothetical protein","0","7","83","96","0.0","93.20388349514563","0.0","0.01758083650287212","1.0","0.47926706208188474","1","0","1","1.0","1.0"
"group_8843","","hypothetical protein","0","7","83","96","0.0","93.20388349514563","0.0","0.01758083650287212","1.0","0.47926706208188474","1","0","1","1.0","1.0"
"group_8900","","hypothetical protein","0","7","83","96","0.0","93.20388349514563","0.0","0.01758083650287212","1.0","0.47926706208188474","1","0","1","1.0","1.0"
"group_8961","","hypothetical protein","0","7","83","96","0.0","93.20388349514563","0.0","0.01758083650287212","1.0","0.47926706208188474","1","0","1","1.0","1.0"
"group_8964","","hypothetical protein","0","7","83","96","0.0","93.20388349514563","0.0","0.01758083650287212","1.0","0.47926706208188474","1","0","1","1.0","1.0"
"group_9001","","hypothetical protein","0","7","83","96","0.0","93.20388349514563","0.0","0.01758083650287212","1.0","0.47926706208188474","1","0","1","1.0","1.0"
"group_9011","","hypothetical protein","0","7","83","96","0.0","93.20388349514563","0.0","0.01758083650287212","1.0","0.47926706208188474","1","0","1","1.0","1.0"
"group_9012","","hypothetical protein","0","7","83","96","0.0","93.20388349514563","0.0","0.01758083650287212","1.0","0.47926706208188474","1","0","1","1.0","1.0"
"coaBC_1","","Coenzyme A biosynthesis bifunctional protein CoaBC","0","7","83","96","0.0","93.20388349514563","0.0","0.01758083650287212","1.0","0.47926706208188474","1","0","1","1.0","1.0"
"group_9014","","hypothetical protein","0","7","83","96","0.0","93.20388349514563","0.0","0.01758083650287212","1.0","0.47926706208188474","1","0","1","1.0","1.0"
"group_9015","","hypothetical protein","0","7","83","96","0.0","93.20388349514563","0.0","0.01758083650287212","1.0","0.47926706208188474","1","0","1","1.0","1.0"
"group_9016","","hypothetical protein","0","7","83","96","0.0","93.20388349514563","0.0","0.01758083650287212","1.0","0.47926706208188474","1","0","1","1.0","1.0"
"bioM_1","","Biotin transport ATP-binding protein BioM","0","7","83","96","0.0","93.20388349514563","0.0","0.01758083650287212","1.0","0.47926706208188474","1","0","1","1.0","1.0"
"group_9018","btuD_11","Vitamin B12 import ATP-binding protein BtuD","0","7","83","96","0.0","93.20388349514563","0.0","0.01758083650287212","1.0","0.47926706208188474","1","0","1","1.0","1.0"
"group_9020","","hypothetical protein","0","7","83","96","0.0","93.20388349514563","0.0","0.01758083650287212","1.0","0.47926706208188474","1","0","1","1.0","1.0"
"group_9021","","hypothetical protein","0","7","83","96","0.0","93.20388349514563","0.0","0.01758083650287212","1.0","0.47926706208188474","1","0","1","1.0","1.0"
"group_9022","","hypothetical protein","0","7","83","96","0.0","93.20388349514563","0.0","0.01758083650287212","1.0","0.47926706208188474","1","0","1","1.0","1.0"
"group_9024","","hypothetical protein","0","7","83","96","0.0","93.20388349514563","0.0","0.01758083650287212","1.0","0.47926706208188474","1","0","1","1.0","1.0"
"group_9025","","hypothetical protein","0","7","83","96","0.0","93.20388349514563","0.0","0.01758083650287212","1.0","0.47926706208188474","1","0","1","1.0","1.0"
"group_9026","","hypothetical protein","0","7","83","96","0.0","93.20388349514563","0.0","0.01758083650287212","1.0","0.47926706208188474","1","0","1","1.0","1.0"
"group_9027","","hypothetical protein","0","7","83","96","0.0","93.20388349514563","0.0","0.01758083650287212","1.0","0.47926706208188474","1","0","1","1.0","1.0"
"group_9028","","hypothetical protein","0","7","83","96","0.0","93.20388349514563","0.0","0.01758083650287212","1.0","0.47926706208188474","1","0","1","1.0","1.0"
"group_9096","","hypothetical protein","0","7","83","96","0.0","93.20388349514563","0.0","0.01758083650287212","1.0","0.47926706208188474","1","0","1","1.0","1.0"
"group_58","","hypothetical protein","79","86","4","17","95.18072289156626","16.50485436893204","3.9040697674418605","0.018090446383167487","1.0","0.49198242610070053","7","4","3","0.9999999999999998","0.9999999999999998"
"group_3333","","hypothetical protein","14","6","69","97","16.867469879518072","94.1747572815534","3.2801932367149758","0.018224919969690924","1.0","0.49445943584435254","6","6","3","0.03125","1.0"
"irtA","","Iron import ATP-binding/permease protein IrtA","63","61","20","42","75.90361445783132","40.77669902912621","2.1688524590163936","0.01915617134955739","1.0","0.5170505718535752","7","5","3","0.4531249999999996","0.9999999999999998"
"group_2351","","hypothetical protein","63","61","20","42","75.90361445783132","40.77669902912621","2.1688524590163936","0.01915617134955739","1.0","0.5170505718535752","7","5","3","0.4531249999999996","0.9999999999999998"
"group_3193","","hypothetical protein","24","15","59","88","28.915662650602407","85.43689320388349","2.386440677966102","0.019193715830983966","1.0","0.5170505718535752","7","5","4","0.4531249999999996","0.9999999999999998"
"group_2097","","hypothetical protein","6","20","77","83","7.228915662650602","80.58252427184466","0.3233766233766234","0.01943516397918176","1.0","0.5223200319405097","11","4","8","0.22656250000000003","0.548828125"
"group_782","","hypothetical protein","62","60","21","43","74.69879518072288","41.74757281553398","2.115873015873016","0.02060765897080723","1.0","0.5512306900759352","7","5","4","0.4531249999999996","0.9999999999999998"
"group_868","","hypothetical protein","62","60","21","43","74.69879518072288","41.74757281553398","2.115873015873016","0.02060765897080723","1.0","0.5512306900759352","7","5","4","0.4531249999999996","0.9999999999999998"
"group_601","","hypothetical protein","61","58","22","45","73.49397590361446","43.689320388349515","2.1512539184952977","0.020900611966330446","1.0","0.5577575488438768","5","4","2","0.375","1.0"
"group_1978","","hypothetical protein","12","30","71","73","14.457831325301203","70.87378640776699","0.4112676056338028","0.021587729816675016","1.0","0.5747480870584388","19","10","14","0.06356811523437494","1.0"
"group_3130","","hypothetical protein","15","7","68","96","18.072289156626507","93.20388349514563","3.0252100840336134","0.02235589941162494","1.0","0.593812293229525","5","4","2","0.375","1.0"
"znuC","","Zinc import ATP-binding protein ZnuC","70","98","13","5","84.33734939759037","4.854368932038835","0.27472527472527475","0.02248533082380017","1.0","0.5958612668307045","4","2","3","0.625","1.0"
"group_2256","","hypothetical protein","78","85","5","18","93.97590361445783","17.475728155339805","3.303529411764706","0.023987748740662507","1.0","0.6342004568441979","5","3","4","0.375","1.0"
"dnaE2","","Error-prone DNA polymerase","82","93","1","10","98.79518072289156","9.70873786407767","8.817204301075268","0.024297160088458496","1.0","0.6408938407592234","3","3","1","0.25","1.0"
"group_3121","","hypothetical protein","41","34","42","69","49.39759036144578","66.99029126213593","1.98109243697479","0.025262359905990538","1.0","0.6648142982188503","5","5","4","0.0625","0.375"
"group_1991","","hypothetical protein","23","14","60","89","27.710843373493976","86.40776699029125","2.4369047619047617","0.02572304789283264","1.0","0.6753781814258708","5","4","3","0.375","1.0"
"group_1248","","hypothetical protein","67","95","16","8","80.72289156626506","7.766990291262135","0.3526315789473684","0.026987419211629546","1.0","0.7069463032563648","3","1","3","0.25","1.0"
"group_852","","hypothetical protein","37","63","46","40","44.57831325301205","38.83495145631068","0.5106970324361628","0.0271688405041105","1.0","0.7100663705145394","41","18","27","0.05958388801809635","0.5327092552361133"
"group_2456","","hypothetical protein","34","26","49","77","40.963855421686745","74.75728155339806","2.0549450549450547","0.02738322775038462","1.0","0.7140317625071687","15","10","7","0.30175781250000017","0.9999999999999997"
"group_2127","","hypothetical protein","8","23","75","80","9.63855421686747","77.66990291262135","0.3710144927536232","0.028567152246209322","1.0","0.7432025110629115","12","5","8","0.3876953125000001","0.7744140625000003"
"group_3189","","hypothetical protein","21","42","62","61","25.301204819277107","59.22330097087378","0.49193548387096775","0.02984056046744872","1.0","0.7745630672587202","5","2","4","0.375","1.0"
"group_1196","","hypothetical protein","79","88","4","15","95.18072289156626","14.563106796116504","3.366477272727273","0.030917075480190563","1.0","0.8006819888562988","4","3","3","0.625","0.625"
"pdhC","","Dihydrolipoyllysine-residue acetyltransferase component of pyruvate dehydrogenase complex","61","60","22","43","73.49397590361446","41.74757281553398","1.987121212121212","0.03183405118499995","1.0","0.8169072628656003","7","4","4","0.9999999999999998","0.9999999999999998"
"group_1642","","hypothetical protein","66","94","17","9","79.51807228915662","8.737864077669903","0.3717146433041302","0.0321171087111706","1.0","0.8169072628656003","3","1","3","0.25","1.0"
"metB","","Cystathionine gamma-synthase","17","9","66","94","20.481927710843372","91.2621359223301","2.6902356902356903","0.0321171087111706","1.0","0.8169072628656003","3","3","1","0.25","1.0"
"group_3271","","hypothetical protein","17","9","66","94","20.481927710843372","91.2621359223301","2.6902356902356903","0.0321171087111706","1.0","0.8169072628656003","3","3","1","0.25","1.0"
"group_3272","","hypothetical protein","17","9","66","94","20.481927710843372","91.2621359223301","2.6902356902356903","0.0321171087111706","1.0","0.8169072628656003","3","3","1","0.25","1.0"
"group_3273","","hypothetical protein","17","9","66","94","20.481927710843372","91.2621359223301","2.6902356902356903","0.0321171087111706","1.0","0.8169072628656003","3","3","1","0.25","1.0"
"group_3274","","Alkaline shock protein 23","17","9","66","94","20.481927710843372","91.2621359223301","2.6902356902356903","0.0321171087111706","1.0","0.8169072628656003","3","3","1","0.25","1.0"
"group_3306","","hypothetical protein","17","9","66","94","20.481927710843372","91.2621359223301","2.6902356902356903","0.0321171087111706","1.0","0.8169072628656003","5","5","1","0.0625","0.375"
"group_3187","","hypothetical protein","9","24","74","79","10.843373493975903","76.69902912621359","0.40033783783783783","0.033463043045071666","1.0","0.8482132268608213","16","6","13","0.021270751953125","0.45449829101562506"
"group_3422","","hypothetical protein","0","6","83","97","0.0","94.1747572815534","0.0","0.034092291171764474","1.0","0.8482132268608213","6","0","6","0.03125","0.03125"
"group_3474","","hypothetical protein","0","6","83","97","0.0","94.1747572815534","0.0","0.034092291171764474","1.0","0.8482132268608213","4","0","4","0.125","0.125"
"group_8844","","hypothetical protein","0","6","83","97","0.0","94.1747572815534","0.0","0.034092291171764474","1.0","0.8482132268608213","1","0","1","1.0","1.0"
"group_8910","rpmE2","50S ribosomal protein L31 type B","0","6","83","97","0.0","94.1747572815534","0.0","0.034092291171764474","1.0","0.8482132268608213","1","0","1","1.0","1.0"
"group_8924","","hypothetical protein","0","6","83","97","0.0","94.1747572815534","0.0","0.034092291171764474","1.0","0.8482132268608213","1","0","1","1.0","1.0"
"group_8986","","hypothetical protein","0","6","83","97","0.0","94.1747572815534","0.0","0.034092291171764474","1.0","0.8482132268608213","1","0","1","1.0","1.0"
"group_9079","","hypothetical protein","0","6","83","97","0.0","94.1747572815534","0.0","0.034092291171764474","1.0","0.8482132268608213","1","0","1","1.0","1.0"
"group_9101","","hypothetical protein","0","6","83","97","0.0","94.1747572815534","0.0","0.034092291171764474","1.0","0.8482132268608213","1","0","1","1.0","1.0"
"group_9102","","hypothetical protein","0","6","83","97","0.0","94.1747572815534","0.0","0.034092291171764474","1.0","0.8482132268608213","1","0","1","1.0","1.0"
"group_3172","","hypothetical protein","26","48","57","55","31.32530120481928","53.398058252427184","0.5226608187134503","0.03641756458837231","1.0","0.8906639552474661","12","7","9","0.14599609375000003","0.7744140625000003"
"group_589","","hypothetical protein","74","100","9","3","89.1566265060241","2.912621359223301","0.24666666666666667","0.03642594896693788","1.0","0.8906639552474661","8","3","7","0.0703125","0.7265625000000002"
"ttuB","","Putative tartrate transporter","42","68","41","35","50.602409638554214","33.980582524271846","0.5272596843615495","0.03682109053560355","1.0","0.8906639552474661","4","1","4","0.125","0.625"
"group_1489","","hypothetical protein","41","35","42","68","49.39759036144578","66.01941747572816","1.8965986394557823","0.03682109053560355","1.0","0.8906639552474661","6","5","5","0.21875000000000003","0.21875000000000003"
"group_3122","","hypothetical protein","41","35","42","68","49.39759036144578","66.01941747572816","1.8965986394557823","0.03682109053560355","1.0","0.8906639552474661","6","5","5","0.21875000000000003","0.21875000000000003"
"group_3042","","hypothetical protein","42","36","41","67","50.602409638554214","65.0485436893204","1.9065040650406504","0.03688278785948716","1.0","0.8906639552474661","6","6","3","0.03125","1.0"
"ispF","","2-C-methyl-D-erythritol 2,4-cyclodiphosphate synthase","41","67","42","36","49.39759036144578","34.95145631067961","0.5245202558635395","0.03688278785948717","1.0","0.8906639552474661","4","2","4","0.125","1.0"
"group_3305","","hypothetical protein","14","7","69","96","16.867469879518072","93.20388349514563","2.782608695652174","0.037028356165088476","1.0","0.8906639552474661","5","5","2","0.0625","1.0"
"group_1334","","hypothetical protein","43","37","40","66","51.80722891566265","64.07766990291263","1.9175675675675676","0.037049119331926186","1.0","0.8906639552474661","7","6","4","0.125","0.9999999999999998"
"group_3045","","hypothetical protein","43","37","40","66","51.80722891566265","64.07766990291263","1.9175675675675676","0.037049119331926186","1.0","0.8906639552474661","8","6","4","0.2890624999999999","1.0"
"group_985","","hypothetical protein","43","37","40","66","51.80722891566265","64.07766990291263","1.9175675675675676","0.037049119331926186","1.0","0.8906639552474661","7","6","4","0.125","0.9999999999999998"
"group_1735","","hypothetical protein","43","37","40","66","51.80722891566265","64.07766990291263","1.9175675675675676","0.037049119331926186","1.0","0.8906639552474661","7","6","4","0.125","0.9999999999999998"
"group_2220","","hypothetical protein","43","37","40","66","51.80722891566265","64.07766990291263","1.9175675675675676","0.037049119331926186","1.0","0.8906639552474661","7","6","4","0.125","0.9999999999999998"
"group_3043","","hypothetical protein","43","37","40","66","51.80722891566265","64.07766990291263","1.9175675675675676","0.037049119331926186","1.0","0.8906639552474661","7","6","4","0.125","0.9999999999999998"
"group_525","nreC_1","hypothetical protein","43","37","40","66","51.80722891566265","64.07766990291263","1.9175675675675676","0.037049119331926186","1.0","0.8906639552474661","7","6","4","0.125","0.9999999999999998"
"group_984","","hypothetical protein","43","37","40","66","51.80722891566265","64.07766990291263","1.9175675675675676","0.037049119331926186","1.0","0.8906639552474661","7","6","4","0.125","0.9999999999999998"
"group_2315","","hypothetical protein","44","38","39","65","53.01204819277109","63.10679611650486","1.9298245614035088","0.0373216997244331","1.0","0.8953279333892951","4","4","2","0.125","1.0"
"group_3275","","hypothetical protein","18","10","65","93","21.686746987951807","90.29126213592234","2.5753846153846154","0.037726302881636156","1.0","0.9017426651392709","5","4","2","0.375","1.0"
"group_11694","","hypothetical protein","4","0","79","103","4.819277108433735","100.0","inf","0.03806390714629129","1.0","0.9017426651392709","3","3","0","0.25","0.25"
"group_11760","","hypothetical protein","4","0","79","103","4.819277108433735","100.0","inf","0.03806390714629129","1.0","0.9017426651392709","3","3","0","0.25","0.25"
"group_11828","","hypothetical protein","4","0","79","103","4.819277108433735","100.0","inf","0.03806390714629129","1.0","0.9017426651392709","3","3","0","0.25","0.25"
"group_2149","","hypothetical protein","4","0","79","103","4.819277108433735","100.0","inf","0.03806390714629129","1.0","0.9017426651392709","4","4","0","0.125","0.125"
"group_2150","","hypothetical protein","4","0","79","103","4.819277108433735","100.0","inf","0.03806390714629129","1.0","0.9017426651392709","3","3","0","0.25","0.25"
"group_299","","hypothetical protein","78","86","5","17","93.97590361445783","16.50485436893204","3.083720930232558","0.03843366008512909","1.0","0.9067320013872587","4","2","4","0.125","1.0"
"group_232","","Iron-sulfur cluster carrier protein","78","86","5","17","93.97590361445783","16.50485436893204","3.083720930232558","0.03843366008512909","1.0","0.9067320013872587","4","2","4","0.125","1.0"
"group_856","","hypothetical protein","51","78","32","25","61.44578313253012","24.271844660194176","0.5108173076923077","0.038997475903864494","1.0","0.916721499142832","5","3","5","0.0625","1.0"
"group_2001","","hypothetical protein","22","14","61","89","26.506024096385545","86.40776699029125","2.2927400468384076","0.03909843339915896","1.0","0.916721499142832","25","18","11","0.04328525066375736","0.690037965774536"
"group_3195","","hypothetical protein","22","14","61","89","26.506024096385545","86.40776699029125","2.2927400468384076","0.03909843339915896","1.0","0.916721499142832","5","3","3","1.0","1.0"
"group_1972","","hypothetical protein","33","26","50","77","39.75903614457831","74.75728155339806","1.9546153846153846","0.040027577591921965","1.0","0.9365795619300837","23","16","11","0.09313964843749999","0.9999999999999998"
"group_2494","","hypothetical protein","15","8","68","95","18.072289156626507","92.23300970873787","2.619485294117647","0.043535366837511386","1.0","1.0","6","5","4","0.21875000000000003","0.6875000000000002"
"group_3339","","hypothetical protein","15","8","68","95","18.072289156626507","92.23300970873787","2.619485294117647","0.043535366837511386","1.0","1.0","10","6","4","0.7539062500000002","0.7539062500000002"
"group_123","","hypothetical protein","82","95","1","8","98.79518072289156","7.766990291262135","6.905263157894737","0.04415415757699519","1.0","1.0","2","1","1","1.0","1.0"
"group_1304","","hypothetical protein","82","95","1","8","98.79518072289156","7.766990291262135","6.905263157894737","0.04415415757699519","1.0","1.0","2","1","1","1.0","1.0"
"group_1572","","hypothetical protein","82","95","1","8","98.79518072289156","7.766990291262135","6.905263157894737","0.04415415757699519","1.0","1.0","2","1","1","1.0","1.0"
"bchI_2","","hypothetical protein","82","95","1","8","98.79518072289156","7.766990291262135","6.905263157894737","0.04415415757699519","1.0","1.0","2","1","1","1.0","1.0"
"yfmC","","hypothetical protein","82","95","1","8","98.79518072289156","7.766990291262135","6.905263157894737","0.04415415757699519","1.0","1.0","2","1","1","1.0","1.0"
"group_54","","hypothetical protein","82","95","1","8","98.79518072289156","7.766990291262135","6.905263157894737","0.04415415757699519","1.0","1.0","2","1","1","1.0","1.0"
"dinB","","DNA polymerase IV","82","95","1","8","98.79518072289156","7.766990291262135","6.905263157894737","0.04415415757699519","1.0","1.0","2","1","1","1.0","1.0"
"group_973","","hypothetical protein","82","95","1","8","98.79518072289156","7.766990291262135","6.905263157894737","0.04415415757699519","1.0","1.0","2","1","1","1.0","1.0"
"group_1608","","hypothetical protein","1","8","82","95","1.2048192771084338","92.23300970873787","0.1448170731707317","0.04415415757699519","1.0","1.0","2","1","1","1.0","1.0"
"group_2744","","hypothetical protein","1","8","82","95","1.2048192771084338","92.23300970873787","0.1448170731707317","0.04415415757699519","1.0","1.0","2","1","1","1.0","1.0"
"group_2745","","hypothetical protein","1","8","82","95","1.2048192771084338","92.23300970873787","0.1448170731707317","0.04415415757699519","1.0","1.0","2","1","1","1.0","1.0"
"group_2746","","hypothetical protein","1","8","82","95","1.2048192771084338","92.23300970873787","0.1448170731707317","0.04415415757699519","1.0","1.0","2","1","1","1.0","1.0"
"group_1952","","hypothetical protein","82","94","1","9","98.79518072289156","8.737864077669903","7.851063829787234","0.04452273432213109","1.0","1.0","3","2","1","1.0","1.0"
"group_2259","","hypothetical protein","82","94","1","9","98.79518072289156","8.737864077669903","7.851063829787234","0.04452273432213109","1.0","1.0","3","2","1","1.0","1.0"
"group_2400","","hypothetical protein","82","94","1","9","98.79518072289156","8.737864077669903","7.851063829787234","0.04452273432213109","1.0","1.0","3","2","1","1.0","1.0"
"group_3106","","hypothetical protein","82","94","1","9","98.79518072289156","8.737864077669903","7.851063829787234","0.04452273432213109","1.0","1.0","2","2","1","0.5","1.0"
"group_2036","","hypothetical protein","1","9","82","94","1.2048192771084338","91.2621359223301","0.12737127371273713","0.04452273432213109","1.0","1.0","3","1","2","1.0","1.0"
"group_3159","","hypothetical protein","22","42","61","61","26.506024096385545","59.22330097087378","0.5238095238095238","0.04507412609510217","1.0","1.0","4","1","4","0.125","0.625"
"rihA","","Pyrimidine-specific ribonucleoside hydrolase RihA","60","59","23","44","72.28915662650603","42.71844660194174","1.9454679439941047","0.04550051888908667","1.0","1.0","8","4","5","0.7265625000000002","1.0"
"group_3260","","hypothetical protein","29","22","54","81","34.93975903614458","78.64077669902912","1.9772727272727273","0.04751824738130096","1.0","1.0","20","16","10","0.011817932128906248","1.0"
"group_3817","","hypothetical protein","6","18","77","85","7.228915662650602","82.52427184466019","0.36796536796536794","0.04760807550164414","1.0","1.0","12","3","10","0.038574218750000014","0.14599609375000003"
"group_3041","","hypothetical protein","40","34","43","69","48.19277108433735","66.99029126213593","1.8878248974008207","0.04978160888321863","1.0","1.0","7","6","5","0.125","0.4531249999999996"
